2021-11-15 15:51:28,??????,1009335348785082368,,-1,en,"<a href=""http://twitter.com/download/iphone"" rel=""nofollow"">Twitter for iPhone</a>",got my first dose of Covid Vaccine tonight. #Sinovac,,,.0,1460153463350829060
2021-11-15 15:23:10,Kim Razak,1349654112007282688,,-1,en,"<a href=""https://mobile.twitter.com"" rel=""nofollow"">Twitter Web App</a>",Effectiveness of booster dose. #Vaksin #Sinovac https://t.co/uD3c0UhFsH,,,.0,1460146340038471682
2021-11-15 13:41:37,❣️ Khimmy ❣️,1194493760186380288,,-1,en,"<a href=""http://twitter.com/download/android"" rel=""nofollow"">Twitter for Android</a>",", Fully Vaccinated #Sinovac https://t.co/QAHEDw7yUu",,,.0,1460120786233032705
2021-11-15 11:17:52,MANIFESTING MACHILLES ENDGAME!!!!,1398876211284111361,,-1,en,"<a href=""http://twitter.com/download/android"" rel=""nofollow"">Twitter for Android</a>",2nd dose done! #sinovac,,,.0,1460084610734252032
2021-11-13 19:49:59,Edna@Odronauts.??????Leni2022.??????,1168084175317913601,,-1,en,"<a href=""http://twitter.com/download/android"" rel=""nofollow"">Twitter for Android</a>","Done my First Dose.

#Sinovac https://t.co/3aR1B5JjWA",,,1.0,1459488710584848384
2021-11-09 13:22:36,Sheena Aprill,1231638387888513024,,-1,en,"<a href=""http://twitter.com/download/android"" rel=""nofollow"">Twitter for Android</a>",2nd and final dose ?? #Sinovac https://t.co/8aDYLBt8S6,,,.0,1457941672294117381
2021-11-09 09:01:27,Jessa S. Baguio,93324801,,-1,en,"<a href=""http://instagram.com"" rel=""nofollow"">Instagram</a>","Fully vaccinated ????

#fullyvaxxed #sinovac?? @ Robinson's Galleria Cebu https://t.co/v7QyLH9U4F",10.3,123.9,.0,1457875950159503361
2021-11-08 11:20:11,juan madrid,3746101692,,-1,en,"<a href=""http://twitter.com/download/iphone"" rel=""nofollow"">Twitter for iPhone</a>",Done ✔️ #vaccinated #sinovac ????,,,.0,1457548477219545091
2021-11-15 14:43:46,Ivan Patrick,33809372,,-1,en,"<a href=""https://mobile.twitter.com"" rel=""nofollow"">Twitter Web App</a>","Second Dose done! I've been waiting for ever! ????

AstraZeneca Episode 2 was much easier than episode 1, felt even less effects than the first jab. ????

#AstraZeneca #GetVaccinated #2DoseClub https://t.co/ykqBlVDNPY",,,.0,1460136426264170501
2021-11-15 11:55:06,フィフタ,568982827,,-1,en,"<a href=""http://twitter.com/download/android"" rel=""nofollow"">Twitter for Android</a>","Done Vaccine dose 2
#AstraZeneca",,,.0,1460093978955505665
2021-11-15 09:37:20,Kyle,2491003658,,-1,en,"<a href=""http://twitter.com/download/iphone"" rel=""nofollow"">Twitter for iPhone</a>","2nd dose✔️????
#fullyvaccinated
#AstraZeneca https://t.co/DPaPajlfkR",,,.0,1460059309862047744
2021-11-15 08:17:06,Ivan,380234044,,-1,en,"<a href=""http://twitter.com/download/android"" rel=""nofollow"">Twitter for Android</a>",Finally time for 2nd dose! #AstraZeneca,,,.0,1460039118209961984
2021-11-15 04:52:28,ScandalRider,817775806298656768,,-1,en,"<a href=""http://twitter.com/download/iphone"" rel=""nofollow"">Twitter for iPhone</a>","Hello, I am the ScandalRider, the father, the college , the musician and friend . I am vaccinated. #AstraZeneca & #Biontech. Science and solidarity are the way out of the pandemic. That's why: get vaccinated! #allesindenarm #vaccinated #VaccinesWork https://t.co/FJq1cYMYDQ",,,.0,1459987621422247938
2021-11-14 18:20:09,H,3495798616,,-1,en,"<a href=""http://twitter.com/download/iphone"" rel=""nofollow"">Twitter for iPhone</a>","Vaccine booster attempt No2 
#AstraZeneca #booster #vaccine #yesplease #wonkyeyes https://t.co/ksQKovnbCr",,,.0,1459828494049943553
2021-11-14 06:37:40,Wodds ??????,875014640,,-1,en,"<a href=""http://twitter.com/download/iphone"" rel=""nofollow"">Twitter for iPhone</a>",Stop the ??now!! #AstraZeneca #GetVaccinated #VaccineSideEffects #Booster #CovidVaccine #NoMandatoryJabs #Pfizer #Moderna https://t.co/cNzkpJKOom,,,.0,1459651706522853376
2021-11-14 04:23:51,Devil In Disguise,4571814261,,-1,en,"<a href=""https://mobile.twitter.com"" rel=""nofollow"">Twitter Web App</a>","In the meantime
#AstraZeneca https://t.co/gO7lNPey1M",,,.0,1459618029709541383
2021-11-13 20:15:08,Khalessi,1412018437598052354,,-1,en,"<a href=""http://twitter.com/download/iphone"" rel=""nofollow"">Twitter for iPhone</a>","Fever is coming..
Even little thing  can hurt u so??????

(Vaccine side effects ????  jab #3) 
#AstraZeneca ????‍⚕️❤️ https://t.co/BzTPQ5NlGe",,,.0,1459495042867892228
2021-11-13 08:14:51,Alien ??,1125061609099890688,,-1,en,"<a href=""http://twitter.com/download/android"" rel=""nofollow"">Twitter for Android</a>","First dose done??
#AstraZeneca https://t.co/Xaeqm495HC",,,.0,1459313773768953860
2021-11-12 19:29:05,Chrissy,1283913578,,-1,en,"<a href=""http://twitter.com/download/iphone"" rel=""nofollow"">Twitter for iPhone</a>","Me after my booster jab 

#coronavirus #COVID19 #AstraZeneca https://t.co/VCB2PFOVrK",,,.0,1459121063288258577
2021-11-12 17:40:19,Janina??,846412481371295745,,-1,en,"<a href=""http://twitter.com/download/android"" rel=""nofollow"">Twitter for Android</a>","Got my first dose??
#letsgetvaccinated 
#AstraZeneca",,,.0,1459093691151241218
2021-11-12 15:35:08,shaneee,1377198781163180037,,-1,en,"<a href=""http://twitter.com/download/android"" rel=""nofollow"">Twitter for Android</a>",Hot afternoon???? my feeling so hot because of my first dose vaccine #AstraZeneca,,,.0,1459062189461950471
2021-11-12 15:32:27,Sam.,1155066253855223809,,-1,en,"<a href=""http://twitter.com/download/android"" rel=""nofollow"">Twitter for Android</a>","first dose done
#AstraZeneca",,,.0,1459061515101696008
2021-11-12 10:38:00,Jehan Ablen,1318960024186544128,,-1,en,"<a href=""http://twitter.com/download/android"" rel=""nofollow"">Twitter for Android</a>","Fully Vaccinated??
#AstraZeneca",,,.0,1458987414152970241
2021-11-12 08:43:38,cr,910931207386525697,,-1,en,"<a href=""https://mobile.twitter.com"" rel=""nofollow"">Twitter Web App</a>","Ashes to ashes , dust to dust,if corona does not get you, AstraZeneca must.#corona #vaccin  #astrazeneca",,,.0,1458958629550370822
2021-11-11 23:20:42,Sigona Golf Club,749550476471967744,,-1,en,"<a href=""https://mobile.twitter.com"" rel=""nofollow"">Twitter Web App</a>",Have you taken your second jab of #Astrazeneca #covid-19 Vaccine? https://t.co/5P1VY7JFzM,,,.0,1458816964705538051
2021-11-11 20:48:45,????????????,1207952510939475968,,-1,en,"<a href=""http://twitter.com/download/android"" rel=""nofollow"">Twitter for Android</a>",Double #AstraZeneca and #pfizer #booster. My 5g should be excellent! ??,,,.0,1458778725986848777
2021-11-11 19:26:20,MariannMilscent Parica,1375782129460674564,,-1,en,"<a href=""http://twitter.com/download/android"" rel=""nofollow"">Twitter for Android</a>","I got my first dose??
#AstraZeneca",,,.0,1458757982733307904
2021-11-11 18:57:52,*??????*,163818601,,-1,en,"<a href=""http://twitter.com/download/android"" rel=""nofollow"">Twitter for Android</a>","I'm wondering why there's no #AstraZeneca avaliable now, Does anyone know why? ?? Someone I know had the 1st AZ but can't seem to get the 2nd one.",,,.0,1458750820967669767
2021-11-11 18:50:20,Andrew J. Lewis,20236004,,-1,en,"<a href=""https://about.twitter.com/products/tweetdeck"" rel=""nofollow"">TweetDeck</a>","Just had the @pfizer Booster jab & at T+30 no adverse reactions so far. My two original covid vaxxes were #AstraZeneca 
Many thanks to all concerned up- and -downstream. Most grateful to @NHSuk
Tally ho & counting....",,,.0,1458748923045203970
2021-11-11 16:04:15,Jimmy,1293147438681698304,,-1,en,"<a href=""http://twitter.com/download/android"" rel=""nofollow"">Twitter for Android</a>",1st dose✅ #vaccinated #AstraZeneca,,,.0,1458707127694880771
2021-11-11 15:47:53,crïstìæn mìldrêd bœngãnsīsœ,1297146023194669056,valenzuelacity,41062655,en,"<a href=""http://twitter.com/download/android"" rel=""nofollow"">Twitter for Android</a>","@valenzuelacity thank God I'm fully vaccinated
#AstraZeneca?? 
#bakundongvalenzulano 
God is good all the time ??????
Salamat PO sa ating butihing mayor @rex_gatchalian ?????? https://t.co/TLwGcGG8F4",,,1.0,1458703010423459842
2021-11-11 14:30:44,MRSM??✨,1428328610448875526,,-1,en,"<a href=""http://twitter.com/download/android"" rel=""nofollow"">Twitter for Android</a>","Done for 1st dose vaccine ??
#AstraZeneca ☑️",,,.0,1458683592041648131
2021-11-11 02:05:48,R°g??e Le∱t $hark͎nɐdo,138715211,carmella_nicole,138715211,en,"<a href=""http://twitter.com/download/iphone"" rel=""nofollow"">Twitter for iPhone</a>",That settles it – going with vax chaos agent #AstraZeneca,,,.0,1458496125678206976
2021-11-11 00:35:02,el chamuco ??,1144745504254943233,,-1,en,"<a href=""http://twitter.com/download/android"" rel=""nofollow"">Twitter for Android</a>",#AstraZeneca rules https://t.co/aYu251Eij9,,,.0,1458473284610240512
2021-11-10 23:02:22,Isabela Roque Marçal,975383711121399810,,-1,en,"<a href=""http://twitter.com/download/iphone"" rel=""nofollow"">Twitter for iPhone</a>",After 2 #AstraZeneca doses I’ve got my 3rd #Pfizer shot today ??????#VaccinesSaveLives #VivaOSuS https://t.co/suuYpJNfI2,,,.0,1458449963302653957
2021-11-10 22:46:00,GoWentGone,1240646379044605953,,-1,en,"<a href=""http://twitter.com/download/android"" rel=""nofollow"">Twitter for Android</a>","#AstraZeneca ---> #Covishield  if I am right 
#autoimmune warning added https://t.co/FczhBefGz8 https://t.co/6rBCuaax7L",,,1.0,1458445844055609349
2021-11-10 22:18:41,Solanales,82366245,,-1,en,"<a href=""https://mobile.twitter.com"" rel=""nofollow"">Twitter Web App</a>","Just took the 2nd Covid Jab by #AstraZeneca through #MOH. My body has not felt like that in a long time. There's confusion, anxiety and other feelings I cannot describe. And not my body feels heavy and hot.",,,.0,1458438967636938758
2021-11-10 21:54:43,sxna | 1022-比尔的歌,1138478332624932865,,-1,en,"<a href=""https://mobile.twitter.com"" rel=""nofollow"">Twitter Web App</a>",boosting service! #AstraZeneca https://t.co/jZ7QXrE3n5,,,.0,1458432937364389893
2021-11-10 17:23:08,aunty crass,1153255521169707008,,-1,en,"<a href=""http://twitter.com/download/iphone"" rel=""nofollow"">Twitter for iPhone</a>","The vaccine should always be a personal choice, I wanted #novavax but had to get #Astrazeneca instead . Choice is what ppl want not mandates by proxy https://t.co/Urlpciweaq",,,.0,1458364593894412288
2021-11-10 16:36:37,Gaolapelwe Ketlogetswe,2354545598,,-1,en,"<a href=""http://twitter.com/download/android"" rel=""nofollow"">Twitter for Android</a>",Fully vaccinated #2nddose #vaccinated #AstraZeneca #COVID19 https://t.co/u9T8Df7A6s,,,.0,1458352885180379142
2021-11-10 14:17:41,10 Days - Mosweu™,84718755,,-1,en,"<a href=""https://mobile.twitter.com"" rel=""nofollow"">Twitter Web App</a>","....side note, side effects of the second dose were cool. Some fatigue, that wore off after a nap. Today, we good.
#Astrazeneca",,,.0,1458317920459804673
2021-11-10 12:40:30,Shuhaib Naushad,1184985568385482758,,-1,en,"<a href=""http://twitter.com/download/android"" rel=""nofollow"">Twitter for Android</a>","My dad also got his second dose of #AstraZeneca and same thing he also felt , but he was okay within three days.

#CovidVaccine https://t.co/ILlox0iPM8",,,.0,1458293466551644164
2021-11-10 11:58:48,Ella,858020528,,-1,en,"<a href=""http://twitter.com/download/android"" rel=""nofollow"">Twitter for Android</a>",Hello tatay @rex_gatchalian I just got my last dose of Astrazeneca Vaccine! Thank you po ♥️ #BakunadongValenzuelano #Astrazeneca #ValenzuelaCity https://t.co/RKaz5Zz3qt,,,.0,1458282971740344325
2021-11-10 11:42:27,a bit busy ??,1215258866109140994,,-1,en,"<a href=""http://twitter.com/#!/download/ipad"" rel=""nofollow"">Twitter for iPad</a>","got my 1st shot today. s/e body itchiness... but i already took antihistamines so i hope it goes away soon..

#CovidVaccine #AstraZeneca",,,.0,1458278857144877060
2021-11-10 11:26:23,Je ??,982811816739848192,,-1,en,"<a href=""http://twitter.com/download/android"" rel=""nofollow"">Twitter for Android</a>","Di naman masaket! 
2 months and 16 days before second doseeeee. ??

#vaccinated 
#AstraZeneca",,,.0,1458274811848069120
2021-11-10 10:41:29,Mervin Enopia,1353632110699978752,,-1,en,"<a href=""http://twitter.com/download/android"" rel=""nofollow"">Twitter for Android</a>","My 1st & 2nd dose vaccine
#Imfullyvaccinated
#AstraZeneca https://t.co/jbZKBEl0UV",,,.0,1458263511424192512
2021-11-10 09:08:20,Angell (fae/faer),16416122,,-1,en,"<a href=""http://twitter.com/download/iphone"" rel=""nofollow"">Twitter for iPhone</a>",Got my second jab! #FullyVaccinated #AstraZeneca https://t.co/bZ8hN6UBMf,,,.0,1458240072474509318
2021-11-10 04:05:25,Tim Atkinson,19559130,,-1,en,"<a href=""http://twitter.com/download/iphone"" rel=""nofollow"">Twitter for iPhone</a>","My #Pfizer Covid booster (or more accurately, 3rd primary) has floored me. Initial #AstraZeneca jabs were nothing like this! https://t.co/vVO9BDcABf",,,.0,1458163838357065738
2021-11-13 12:41:55,Charinah Madlangbayan,791405887,,-1,en,"<a href=""http://twitter.com/download/android"" rel=""nofollow"">Twitter for Android</a>","1/2 First dose, DONE ✅??????
#GetVaccinated #Resbakuna #Pfizer https://t.co/hKubzqpOAg",,,.0,1459380986756485122
2021-11-13 12:35:02,Charinah Madlangbayan,791405887,,-1,en,"<a href=""http://instagram.com"" rel=""nofollow"">Instagram</a>","First dose, DONE ✅??????
#GetVaccinated #Resbakuna #Pfizer https://t.co/3CkB2YtJKa",,,.0,1459379251325587460
2021-11-12 13:58:54,?????????????? (?????? ?? )????❤️,3510997332,,-1,en,"<a href=""http://twitter.com/download/android"" rel=""nofollow"">Twitter for Android</a>","I'm so happy fully vaccinated na ..yihieeeeee ??

#Resbakuna 
#Fullyvaccinated 
#Sinovac https://t.co/ZZUGqUy4TM",,,.0,1459037970841817090
2021-11-11 14:39:39,vic capitulo sagun,267533524,,-1,en,"<a href=""http://twitter.com/download/android"" rel=""nofollow"">Twitter for Android</a>",Fully vaccinated ???? #Moderna #SecondDose #RESBAKUNA #POTD https://t.co/MnfyHTPIj2,,,.0,1458685836841881602
2021-11-10 19:58:48,EmmaPretty ❄️,1303513235304452096,,-1,en,"<a href=""http://twitter.com/download/android"" rel=""nofollow"">Twitter for Android</a>","?? ?? a few  moments later ????

#resbakuna
#Pfizer",,,.0,1458403766378500096
2021-11-10 17:52:50,jason basilio,2373128509,,-1,en,"<a href=""http://instagram.com"" rel=""nofollow"">Instagram</a>",Fully vaccinated! ?? #pfizer #Resbakuna https://t.co/CmcC8zfOfo,,,.0,1458372066034470915
2021-11-10 10:40:14,Kb Amaya-Danielle♡,1348971430235435011,,-1,en,"<a href=""https://mobile.twitter.com"" rel=""nofollow"">Twitter Web App</a>","I got my vaccine yesterday
Pfizer
#RESBAKUNA",,,.0,1458263198738440193
2021-11-08 18:23:07,????????,1251083166443438080,,-1,en,"<a href=""http://twitter.com/download/android"" rel=""nofollow"">Twitter for Android</a>","1st Dose Done. 

#GetVaccinated #Pfizer #Resbakuna",,,.0,1457654913048068102
2021-11-15 17:26:31,ᴅᴀʀᴋᴄʜᴏᴄᴏᴋɪɪɪss⁸⁶ ⛅️,1017741843943997440,,-1,en,"<a href=""http://twitter.com/download/iphone"" rel=""nofollow"">Twitter for iPhone</a>",Vaccinated 1st dose #Moderna ??,,,.0,1460177384083124226
2021-11-15 16:26:24,Sarah,1242699490454171653,,-1,en,"<a href=""http://twitter.com/download/android"" rel=""nofollow"">Twitter for Android</a>","First dose. 
#Moderna",,,.0,1460162252997214212
2021-11-15 15:00:43,John Collen,1258902702,,-1,en,"<a href=""http://twitter.com/download/iphone"" rel=""nofollow"">Twitter for iPhone</a>","Totally painless booster vaccine yesterday #moderna 

Steam roller this morning!",,,.0,1460140689325535233
2021-11-07 13:50:49,Nathan C,1424368959411802123,,-1,en,"<a href=""http://twitter.com/download/iphone"" rel=""nofollow"">Twitter for iPhone</a>",Got my #Moderna booster earlier. No side effects other than a sore arm. Guess I should have got Moderna in the beginning instead of #Pfizer.,,,.0,1457223996512997377
2021-11-07 13:25:01,Jem McDowall,828343811139043329,,-1,en,"<a href=""http://twitter.com/#!/download/ipad"" rel=""nofollow"">Twitter for iPad</a>",Update 1: began to feel a bit achy and headache a few hours later. Arm sore. Expecting to feel a bit crap tomorrow. No worries. #Moderna #FluShot #GetVaccinated,,,.0,1457217505416593408
2021-11-07 13:19:27,Siegfried Go,34238291,,-1,en,"<a href=""http://twitter.com/download/iphone"" rel=""nofollow"">Twitter for iPhone</a>",Good job my guy.?????? #dose1 #vaccinationday #moderna https://t.co/cHiRBFrQUI,,,.0,1457216102044364802
2021-11-07 13:16:56,SistahAsali????,540844830,,-1,en,"<a href=""http://twitter.com/download/android"" rel=""nofollow"">Twitter for Android</a>","I got my booster ?? today and my arm is so sore. I also have a low grade fever,body aches and headache but it's a little discomfort for better protection against covid-19????
#GetVaccinated 
#Moderna 
#BoosterShots",,,.0,1457215471300796416
2021-11-07 13:00:52,Siegfried Go,34238291,,-1,en,"<a href=""http://instagram.com"" rel=""nofollow"">Instagram</a>","Dose 1 finally.?? Good job my guy.????•
•
•
•
•
#letsgetvaxxed #ᴠᴀᴄᴄɪɴᴀᴛɪᴏɴᴅay #firstdosedone??✔️ #moderna @ Solaire Theater https://t.co/Qu64inr5AK",14.5,121.0,.0,1457211428075671553
2021-11-07 12:36:51,j a y f e r ??,1259823944359530503,,-1,en,"<a href=""http://twitter.com/download/android"" rel=""nofollow"">Twitter for Android</a>","first dose done! ??
#Moderna",,,.0,1457205381873106944
2021-11-07 10:56:40,Gary Rikard,71346327,rburdine1,323519359,en,"<a href=""http://twitter.com/download/iphone"" rel=""nofollow"">Twitter for iPhone</a>","@rburdine1 I got #Moderna #Booster yesterday. Yes, side effects. But it will pass. I am finally over it now I think. 30 hours later.",,,.0,1457180169622286339
2021-11-07 10:51:11,SoyTraicy,18546081,,-1,en,"<a href=""http://twitter.com/download/iphone"" rel=""nofollow"">Twitter for iPhone</a>",#Moderna #Covidvaccine #Booster someone bring me tacos & an iced latte to bed ???? https://t.co/Q2VlL5cbwn,,,.0,1457178791105552386
2021-11-07 10:39:22,Cindoro (they/Cindoro),15082231,,-1,en,"<a href=""http://twitter.com/download/iphone"" rel=""nofollow"">Twitter for iPhone</a>",I’m getting my booster shot for Coviiiid on Wed. #Moderna  ????,,,.0,1457175819298635778
2021-11-07 10:25:53,வனஜா,227675628,,-1,en,"<a href=""http://twitter.com/download/android"" rel=""nofollow"">Twitter for Android</a>","Moderna booster half dose shot done ????❤
#GetVaccinated 
#Moderna 
#boostershot https://t.co/2G41tj4zqo",,,2.0,1457172425888698369
2021-11-07 10:22:47,Kristi,19243152,,-1,en,"<a href=""http://twitter.com/download/iphone"" rel=""nofollow"">Twitter for iPhone</a>",Got my booster today. Please get vaccinated! #COVID19 #Moderna #vaccination,,,.0,1457171642740887557
2021-11-07 10:12:15,booklady2002,14426130,,-1,en,"<a href=""http://twitter.com/download/iphone"" rel=""nofollow"">Twitter for iPhone</a>",Got my #Moderna booster today. Just a little tired but that could be the weather.,,,.0,1457168994033614850
2021-11-07 10:09:55,Turbocharged ??????☢,556119777,,-1,en,"<a href=""http://twitter.com/download/android"" rel=""nofollow"">Twitter for Android</a>","Now I'm boosted, just like my WRX.  #vaccine #WRX #Moderna https://t.co/cxJfiu0LaY",,,.0,1457168406902308869
2021-11-07 10:04:04,eyeheartdogz??,1862113212,,-1,en,"<a href=""http://twitter.com/download/iphone"" rel=""nofollow"">Twitter for iPhone</a>",Just got my booster shot today… #Moderna #Grateful #vaccine #Booster,,,.0,1457166935024496642
2021-11-07 09:17:27,Bucci Hoogye ❤️,139987662,,-1,en,"<a href=""https://mobile.twitter.com"" rel=""nofollow"">Twitter Web App</a>","Got my #Moderna  booster today.??
My arm is fuckin SORE.??
Good thing it's my left arm.
Carry-on right hand... do you thang! ????",,,.0,1457155203849854986
2021-11-07 09:13:50,IamFace,1420180213187629065,,-1,en,"<a href=""http://twitter.com/download/android"" rel=""nofollow"">Twitter for Android</a>","I got a booster shot today. Flu, too. I got #Moderna after two #Pfizer's  ??",,,.0,1457154291601485825
2021-11-07 08:58:27,?? ?????????? ?????????????????? #Vaccinated,147398663,,-1,en,"<a href=""http://twitter.com/download/iphone"" rel=""nofollow"">Twitter for iPhone</a>",Got the #Moderna #Booster today! Woohoo! ?? ??,,,.0,1457150421814947842
2021-11-07 08:49:41,Lauren Pritchard,34263177,,-1,en,"<a href=""http://twitter.com/download/iphone"" rel=""nofollow"">Twitter for iPhone</a>",Boosted. #vax #booster #Moderna #GetVaccinated https://t.co/J8liUJjzFf,,,.0,1457148214038040578
2021-11-07 08:31:21,Stephen,3037925698,,-1,en,"<a href=""http://twitter.com/download/android"" rel=""nofollow"">Twitter for Android</a>",Got my booster shot today! ???? #Moderna #BoosterShot #CovidVaccine #vaccine #vaccinated #VaccinesWork #GetVaccinated https://t.co/z7eYmd0O3k,,,1.0,1457143600182177792
2021-11-07 08:12:36,??Make Black Swans?? Great AGAIN ?? ❄️,843226774410428417,,-1,en,"<a href=""http://twitter.com/download/iphone"" rel=""nofollow"">Twitter for iPhone</a>","Hello to all the double ???? out there.

Just to let you know, you aren't fully?? anymore. You'll need that booster.

Not getting a booster? Well, you're now an anti vaxxer.

Don't moan to me, they're not my rules, they're yours. ????????????

#booster #Moderna #vaccine https://t.co/DF7ZjKFH4m",,,.0,1457138880897978374
2021-11-07 08:11:46,Shannon *Vaxxed and Masked*,14218361,,-1,en,"<a href=""http://twitter.com/download/iphone"" rel=""nofollow"">Twitter for iPhone</a>","Got my #Moderna booster today! Thanks, science! #GetVaccinated https://t.co/y7clGo0EsL",,,.0,1457138671568687109
2021-11-07 08:11:45,$ean,4808376620,,-1,en,"<a href=""http://twitter.com/download/iphone"" rel=""nofollow"">Twitter for iPhone</a>",Boost engaged #Moderna #mrna1273 #getvaccinated https://t.co/8KV7sCsrkU,,,.0,1457138670364921863
2021-11-07 07:51:44,Digame Democracy Has Prevailed,16131215,,-1,en,"<a href=""http://twitter.com/download/android"" rel=""nofollow"">Twitter for Android</a>","I am giving the booster shot a good test. I received my Moderna booster 6 days ago. My masseuse notified me that she tested positive (a breakthrough as she has 2 vaccines) & I had a massage yesterday. She was masked, I wasn't. Stay tuned. #Moderna",,,.0,1457133630996692996
2021-11-07 07:50:57,Scoot ??,3159954231,,-1,en,"<a href=""https://mobile.twitter.com"" rel=""nofollow"">Twitter Web App</a>","still not magnetized. ??
maybe I just needed the booster shot. ??

#Moderna 
#ModernaBooster",,,1.0,1457133434581696515
2021-11-07 07:12:20,MikeMaverick69 #LeaveOurKidsAlone,1448635237358002181,,-1,en,"<a href=""http://twitter.com/download/android"" rel=""nofollow"">Twitter for Android</a>",Hmmm what could it be #Moderna https://t.co/QUDLkmmHDw,,,.0,1457123715783798790
2021-11-07 06:00:17,???? Sarah ??,45085558,,-1,en,"<a href=""http://twitter.com/download/iphone"" rel=""nofollow"">Twitter for iPhone</a>",Boosted! #vaccinated #Moderna #Grateful,,,.0,1457105583941644296
2021-11-07 05:45:33,Dave Grey,1448365964609810434,,-1,en,"<a href=""http://twitter.com/download/iphone"" rel=""nofollow"">Twitter for iPhone</a>","Got my #moderna booster today, after my initial J&J COVID-19 vaccine. #ModernaBooster https://t.co/ghiN0vwrB9",,,.0,1457101874453049344
2021-11-07 05:41:49,Just a Host Body,7805592,,-1,en,"<a href=""http://twitter.com/download/iphone"" rel=""nofollow"">Twitter for iPhone</a>","Got my #Moderna booster today. My arm is super sore and I’m tired AF but other than that, I feel just fine.",,,.0,1457100937839845378
2021-11-07 05:39:53,Jem McDowall,828343811139043329,,-1,en,"<a href=""http://twitter.com/#!/download/ipad"" rel=""nofollow"">Twitter for iPad</a>","Had my Moderna booster and flu shot (simultaneously) 30’ ago. Will tweet updates on any reaction.

#Moderna #CovidVaccine #FluShot #GetVaccinated",,,.0,1457100449333616640
2021-11-07 05:34:23,hydro fit,158592369,,-1,en,"<a href=""http://twitter.com/download/android"" rel=""nofollow"">Twitter for Android</a>","BOOSTED! #COVIDBooster #COVID19Vaccine #Moderna
#FluShot https://t.co/B1RoQtkL33",,,.0,1457099067427749889
2021-11-07 05:31:01,Nini,24197833,,-1,en,"<a href=""http://twitter.com/download/android"" rel=""nofollow"">Twitter for Android</a>",Boosted!!!! #GetVaccinated #GetBoosted #Moderna,,,.0,1457098220438528012
2021-11-07 05:26:44,Samjm,16094136,,-1,en,"<a href=""http://twitter.com/#!/download/ipad"" rel=""nofollow"">Twitter for iPad</a>",I'm officially boosted! #TeamModerna dose #3 on board. #Moderna #CovidVaccine #Booster,,,.0,1457097138815438852
2021-11-07 05:17:53,Brian Cunningham ????????????,1413980568006668289,,-1,en,"<a href=""http://twitter.com/download/android"" rel=""nofollow"">Twitter for Android</a>","I just received my Moderna booster shot! 
#Moderna 
#BoosterShots",,,.0,1457094914601271297
2021-11-07 05:01:42,LucyBoop ??,29970360,,-1,en,"<a href=""https://mobile.twitter.com"" rel=""nofollow"">Twitter Web App</a>","I am boosted!

#ModernaBooster 
#Moderna https://t.co/IIPkO2hPJJ",,,.0,1457090838530514951
2021-11-07 04:57:09,Tony,2147851647,,-1,en,"<a href=""http://twitter.com/download/iphone"" rel=""nofollow"">Twitter for iPhone</a>",Experiencing chills from the 3rd booster shot and had me curled up in bed. ???? #Vaccinated #CovidVaccine #Moderna #COVIDBooster #FullyVaxxed,,,.0,1457089697453387783
2021-11-07 04:45:49,??????,1310609440157118467,,-1,en,"<a href=""http://twitter.com/download/android"" rel=""nofollow"">Twitter for Android</a>","On route for a booster jab because your first two hits are wearing off...

#covid #COVID19 #CovidVaccine #CoronavirusUpdates #Covid19UK #Pfizer #AstraZeneca #Moderna #VaccineMandate #VaccinePassport #Jab #nhs https://t.co/zcECYYl9uF",,,.0,1457086843623772160
2021-11-07 04:45:05,Isadora Sande Mathias,773127332869574656,,-1,en,"<a href=""http://twitter.com/download/iphone"" rel=""nofollow"">Twitter for iPhone</a>","Saturday morning off:
Yoga ??‍♀️✅
#Moderna #COVID19 booster ??✅
Brunch ??✅ 
#VaccinesSaveLives #IBelieveInScience https://t.co/Jq15hJ1NPK",,,.0,1457086659208622089
2021-11-07 03:58:18,Heather Leszczewicz,41407777,,-1,en,"<a href=""http://twitter.com/download/iphone"" rel=""nofollow"">Twitter for iPhone</a>",Boosted! Let’s goooo #Moderna https://t.co/3okMaRUtYg,,,.0,1457074884685803523
2021-11-07 03:35:55,Amber M,862432865899905024,totalylosthere,1427086014925795333,en,"<a href=""http://twitter.com/download/iphone"" rel=""nofollow"">Twitter for iPhone</a>",@totalylosthere I did mine Wednesday and had zero side effects. I was prepared but absolutely nothing. #Moderna ????,,,.0,1457069253065154565
2021-11-07 03:12:13,Stacia ✌️???? (Stay-Shuh) - She/Her,338072526,,-1,en,"<a href=""http://twitter.com/download/android"" rel=""nofollow"">Twitter for Android</a>",Boosted! ???????? #Moderna,,,.0,1457063286948519941
2021-11-07 03:12:08,?? MicHELLe BB ??,715502508,,-1,en,"<a href=""http://twitter.com/download/iphone"" rel=""nofollow"">Twitter for iPhone</a>","Got my @moderna_tx booster yesterday and even with feeling tired and a little achy, I would do this every 6 months for the rest of my life if I knew that I was helping people stay safe. #VaccinesWork #Moderna #GetVaccinated #BoosterShots",,,.0,1457063268439240705
2021-11-07 03:08:26,Timika??,3636816437,,-1,en,"<a href=""http://twitter.com/download/android"" rel=""nofollow"">Twitter for Android</a>",Guess what this healthcare worker just did...got her covid booster shot!!!! #vaccinated #Moderna https://t.co/RlA1yMxltO,,,.0,1457062334724194310
2021-11-07 03:06:19,Melissa Lynn,3430130530,funder,14247236,en,"<a href=""http://twitter.com/download/iphone"" rel=""nofollow"">Twitter for iPhone</a>",@funder Mashed potatoes. And I got my Moderna booster last week. #Moderna  #CovidVaccine #BoosterShots,,,.0,1457061801913470977
2021-11-07 03:04:55,Greg (10 min ver) (Taylor’s ver) (From the vault),387476474,,-1,en,"<a href=""http://twitter.com/download/iphone"" rel=""nofollow"">Twitter for iPhone</a>",3 for 3 Moderna in the system #CovidVaccine #Moderna,,,.0,1457061451248644098
2021-11-07 02:58:06,Sandy Buckley,19618561,,-1,en,"<a href=""http://twitter.com/download/iphone"" rel=""nofollow"">Twitter for iPhone</a>",Feeling all right a day after my ???? #boostershot #Moderna #trustscience,,,.0,1457059735522451457
2021-11-07 02:37:54,jennifer’s back to wearing a mask,258943831,,-1,en,"<a href=""http://twitter.com/download/iphone"" rel=""nofollow"">Twitter for iPhone</a>",Boosted! Thanks @CDCgov and #Moderna https://t.co/jO0SngzAzC,,,.0,1457054653187649542
2021-11-07 02:22:51,mdtoorder (@??),14836055,,-1,en,"<a href=""http://twitter.com/download/iphone"" rel=""nofollow"">Twitter for iPhone</a>",I’ve had zero side effects after the #Moderna booster. ?? (I had them after #2.) Get your booster as soon as you’re eligible! #covid,,,.0,1457050864019914758
2021-11-07 02:21:16,Salman Hassan ????,1245820687375388677,,-1,en,"<a href=""http://twitter.com/download/android"" rel=""nofollow"">Twitter for Android</a>",I got vaccinated with #Moderna https://t.co/RoqP295rn9,,,.0,1457050468169961473
2021-11-07 01:54:46,Maryann Struman,25880635,,-1,en,"<a href=""http://twitter.com/download/iphone"" rel=""nofollow"">Twitter for iPhone</a>",Boosted. #moderna https://t.co/t8wV5yOCgQ,,,.0,1457043795854479364
2021-11-07 01:37:08,Flavia Michelini,914160718982909952,,-1,en,"<a href=""http://twitter.com/download/iphone"" rel=""nofollow"">Twitter for iPhone</a>","Yesterday I got the Moderna booster dose, after 9 months from the second dose.
Sore arm, fever and chills, but overall not too bad. I mean, PMS symptoms can be worse than this.
#covid #vaccine #moderna #booster",,,.0,1457039358553427978
2021-11-07 01:02:29,Do_No_Harm,322581313,,-1,en,"<a href=""http://twitter.com/download/android"" rel=""nofollow"">Twitter for Android</a>","Great explanation video, a must watch foo everyone who waats to understand more about #vaccine efficacy of #pfizer #moderna & co. Thank you @chrismartenson https://t.co/Dn8z5sKCAl",,,.0,1457030641481129991
2021-11-07 01:02:18,Chane Prom,162560750,,-1,en,"<a href=""http://twitter.com/download/iphone"" rel=""nofollow"">Twitter for iPhone</a>",Third booster shot done. #Booster. #Moderna,,,.0,1457030593355534336
2021-11-07 00:17:43,msunshne,48091503,,-1,en,"<a href=""http://twitter.com/#!/download/ipad"" rel=""nofollow"">Twitter for iPad</a>",Third #Moderna shot done and dusted. Now ready for a weekend of couch potato-ing with football and movies.,,,.0,1457019371797295106
2021-11-07 00:15:01,Conor Gaughan,16436419,,-1,en,"<a href=""http://twitter.com/download/iphone"" rel=""nofollow"">Twitter for iPhone</a>",Feeling the boost of weekend energy! #Moderna https://t.co/qNMJcOkeoE,,,.0,1457018692584284164
2021-11-06 23:55:41,Theresa Berry??,218721539,,-1,en,"<a href=""http://twitter.com/download/iphone"" rel=""nofollow"">Twitter for iPhone</a>",Moderna Booster shot done. ????#Moderna #COVID19Vaccine #healthcareworker,,,.0,1457013829557235717
2021-11-06 23:52:16,Michele Kosboth,1566324956,,-1,en,"<a href=""http://instagram.com"" rel=""nofollow"">Instagram</a>",Boostered. #moderna https://t.co/epfpzZuizP,,,.0,1457012971226472448
2021-11-15 17:46:22,Christian Seradoy,1323083400622690309,,-1,en,"<a href=""https://mobile.twitter.com"" rel=""nofollow"">Twitter Web App</a>",Yehey! I just got my first dose of the Pfizer vaccine against COVID-19! I am so happy! #vaccinated #Pfizer,,,.0,1460182378484142083
2021-11-15 17:31:18,Lancelot????,1443004345029574659,,-1,en,"<a href=""http://twitter.com/download/android"" rel=""nofollow"">Twitter for Android</a>","Got my second dose today, finally I'm fully vaccinated. ??
And I'm so ready to travel again, joke ??

Thank You, LGU and RHU IBAJAY! ♥️
#PfizerCOVID19Vacccine
#Pfizer https://t.co/F41TZ3DiHW",,,.0,1460178586241933316
2021-11-15 17:18:00,A Ghostly Spectre #SNPOut2021??????????????????,1652752345,,-1,en,"<a href=""http://twitter.com/download/android"" rel=""nofollow"">Twitter for Android</a>",Never taking that #Pfizer poison ... https://t.co/9bUiauYNL3,,,.0,1460175240206635009
2021-11-15 16:57:09,??​??​??​??​ ??​??​??​??​??,1269926179630276608,,-1,en,"<a href=""http://twitter.com/download/iphone"" rel=""nofollow"">Twitter for iPhone</a>","Trust the science, guys. ?? 

#Ivermectin 
#Pfizer 

https://t.co/I2m3GeiAkx",,,.0,1460169992817692673
2021-11-15 16:51:32,Khoulod,1076500808,,-1,en,"<a href=""https://mobile.twitter.com"" rel=""nofollow"">Twitter Web App</a>",Just took an appointment of the 3rd shot of #Pfizer ✅,,,.0,1460168578863439874
2021-11-15 16:50:32,Hal ??‍☠️,1225895929984802816,,-1,en,"<a href=""https://mobile.twitter.com"" rel=""nofollow"">Twitter Web App</a>",Got my #Pfizer #booster today. No noticeable effects so far.,,,.0,1460168325883854848
2021-11-07 18:39:07,Paula ????????,56128047,,-1,en,"<a href=""http://twitter.com/download/android"" rel=""nofollow"">Twitter for Android</a>","Busted #Pfizer 
#ProjectVeritas https://t.co/oRZC8STYIA",,,10.0,1457296549436870657
2021-11-07 18:26:09,John Patrick Dizon,276890716,,-1,en,"<a href=""http://twitter.com/download/iphone"" rel=""nofollow"">Twitter for iPhone</a>",Covid19 booster shot done! ???????? #Pfizer #COVIDBooster #3rdDose,,,.0,1457293286578786304
2021-11-07 17:47:23,"Saba Akbar Baloch, MD",2421994321,,-1,en,"<a href=""http://twitter.com/download/iphone"" rel=""nofollow"">Twitter for iPhone</a>","RT @mburgosmd: First dose ✅ 

They were so excited! 
#vaccinated #Pfizer #COVIDVaccineKids https://t.co/H11psnWwaB",,,9.0,1457283529985994755
2021-11-07 17:42:08,Man⭐Myth⭐Legend⭐??️3.5%,2294061149,,-1,en,"<a href=""http://twitter.com/download/android"" rel=""nofollow"">Twitter for Android</a>","Enjoy the booster shots.

#COVID19
#Pfizergate
#Pfizer

https://t.co/IMJ2XHafja",,,1.0,1457282208998305795
2021-11-07 17:02:18,A Ghostly Spectre #SNPOut2021??????????????????,1652752345,,-1,en,"<a href=""http://twitter.com/download/android"" rel=""nofollow"">Twitter for Android</a>",Did he have the #Pfizer jab? https://t.co/imYisiRZRc,,,1.0,1457272184104226817
2021-11-07 16:30:04,Sophie Volker,596037165,,-1,en,"<a href=""http://twitter.com/download/iphone"" rel=""nofollow"">Twitter for iPhone</a>","My dad, who has a not-so-secret phobia of doctors and hasn’t seen one for as long as I can remember (genuinely at least 20 years), finally got his #covid #vaccine today.

I nearly cried with pride and relief. Thank you, science.

 #qldcovid #Pfizer #qldhealth @qldhealthnews",,,1.0,1457264074832506882
2021-11-07 16:15:00,LaClocheSonne ??,3102569769,deasy_diane,969118788292661248,en,"<a href=""https://mobile.twitter.com"" rel=""nofollow"">Twitter Web App</a>","@deasy_diane @DrAmirKhanGP My husband just got his #Pfizer booster, having only had one jab in March- considered sufficient as he'd already had #COVID19",,,.0,1457260282154205186
2021-11-07 16:14:17,Herwinto C. Sutantyo - GERAIKU,6774082,,-1,en,"<a href=""https://www.tumblr.com/"" rel=""nofollow"">Tumblr</a>",?? Vacced! Finally #pfizer #pfizervacine #vaksìncovid19 #sayasudahdivaksìn (at Jiexpo Convention Center and Theater) https://t.co/Gsooqmn28q https://t.co/KDaSO3zF9c,,,.0,1457260101262266371
2021-11-07 16:14:14,Herwinto C. Sutantyo - GERAIKU,6774082,,-1,en,"<a href=""http://instagram.com"" rel=""nofollow"">Instagram</a>","Vacced! Finally

#pfizer #pfizervacine #vaksìncovid19 #sayasudahdivaksìn @ Jiexpo Convention Center and Theater https://t.co/5t3vhiUd7g",-6.1,106.8,.0,1457260088452911105
2021-11-07 16:11:05,@taraheritage,242742017,,-1,en,"<a href=""http://twitter.com/download/iphone"" rel=""nofollow"">Twitter for iPhone</a>","So whistleblowers have blown lid off the @pfizer #covid vaccine trials - issues included poor follow up on patients side effects, poor collection of data & ‘protocol’ deviations - this on top of their use of foetal tissue leave #Pfizer with some questions to answer.",,,.0,1457259297952485379
2021-11-07 16:10:55,Alison North,248718039,,-1,en,"<a href=""http://twitter.com/download/iphone"" rel=""nofollow"">Twitter for iPhone</a>",Got #boosted yesterday with #Pfizer jag after two #AstraZeneca - feeling fine just a slight ache where needle went in - How do we (officially) prove we’ve had three? Is it going in the app?,,,.0,1457259255548030984
2021-11-07 15:50:38,Ling Oei,812536424025227264,,-1,en,"<a href=""http://twitter.com/download/iphone"" rel=""nofollow"">Twitter for iPhone</a>",I felt very sick from COVID-19 (in spite of vaccinations & being young & without comorbidity). Grateful that I am recovering now #COVID19 #Covid_19 #Covid_19 #Covidvaccine #covidvaxexposed #COVIDVaccination #COVID19Vaccine #grateful #grace #sick #autumn #sky #Pfizer #coronavirus https://t.co/09VY23OqMx,,,1.0,1457254149502869504
2021-11-07 13:50:49,Nathan C,1424368959411802123,,-1,en,"<a href=""http://twitter.com/download/iphone"" rel=""nofollow"">Twitter for iPhone</a>",Got my #Moderna booster earlier. No side effects other than a sore arm. Guess I should have got Moderna in the beginning instead of #Pfizer.,,,.0,1457223996512997377
2021-11-07 13:35:17,ًayah,1366443686,,-1,en,"<a href=""http://twitter.com/download/android"" rel=""nofollow"">Twitter for Android</a>",fully vaxxed! ???? #Pfizer,,,.0,1457220088403136519
2021-11-07 13:09:29,SoniaMcBob,919710404,,-1,en,"<a href=""http://twitter.com/download/iphone"" rel=""nofollow"">Twitter for iPhone</a>",Got my #pfizer booster today. Not one symptom. I feel even better now. #GetVaccinated #COVID19 is real https://t.co/XqI84yawkt,,,.0,1457213593569665024
2021-11-07 12:11:05,almost a med student,1173263541245288448,,-1,en,"<a href=""http://twitter.com/download/iphone"" rel=""nofollow"">Twitter for iPhone</a>","RT @mburgosmd: First dose ✅ 

They were so excited! 
#vaccinated #Pfizer #COVIDVaccineKids https://t.co/H11psnWwaB",,,9.0,1457198898083213315
2021-11-07 12:11:03,Liberty,67693098,,-1,en,"<a href=""https://mobile.twitter.com"" rel=""nofollow"">Twitter Web App</a>","Get up off your knees!
Shut them down. 
#Pfizer 
NO #vaccinemandates 
#LetsGoBrandon 
#HoldTheLine https://t.co/AbQPtaojRz",,,.0,1457198890764017668
2021-11-07 11:10:10,christie ??????✊??,1364377661296889859,23_ghosts,1421123907113820167,en,"<a href=""http://twitter.com/download/iphone"" rel=""nofollow"">Twitter for iPhone</a>",@23_ghosts @jamesjmcnamara2 I can’t wait for the day to see #Pfizer burn in hell!!,,,.0,1457183568564678666
2021-11-07 11:10:07,Inappropriate Oregonian,1381668769785815043,,-1,en,"<a href=""https://mobile.twitter.com"" rel=""nofollow"">Twitter Web App</a>","Not going to lie, day 3 post #pfizer #Booster has me feeling like dog shit. Headache and tired a/f",,,.0,1457183556543778818
2021-11-07 10:51:03,The Guitar Lovin Man,344314454,,-1,en,"<a href=""https://mobile.twitter.com"" rel=""nofollow"">Twitter Web App</a>",I got my 3rd #Pfizer vaccine booster shot yesterday and felt good this afternoon so I went for my customary 3 mile walk. Between the fatigue caused by the shot and my walk I'm extremely worn out. If  you're older please don't exercise the day after the shot. Goodnight everyone.,,,2.0,1457178756750188549
2021-11-07 10:28:56,Andrew Waters,1400902867,,-1,en,"<a href=""http://twitter.com/download/iphone"" rel=""nofollow"">Twitter for iPhone</a>","Got my second #Pfizer vaccine shot on September 2nd.  BTW there are only 2 ways to test for #myocarditis ,  biopsy or cardiac MRI. Echocardiogram will only show sever cases…according to research published in #JAMA https://t.co/6cjgM7kk6A",,,.0,1457173192892628997
2021-11-07 09:49:11,Persistent Nasty Woman (??),2338690820,,-1,en,"<a href=""http://twitter.com/download/android"" rel=""nofollow"">Twitter for Android</a>",My girl got her first dose of Covid vaccine today. My heart is full. ?? #vaccine #COVID19 #Pfizer,,,.0,1457163190215794688
2021-11-07 09:41:26,Rahil Ahmad,357283604,,-1,en,"<a href=""http://twitter.com/download/iphone"" rel=""nofollow"">Twitter for iPhone</a>",#Pfizer booster got me draggin… ??,,,.0,1457161236077031426
2021-11-07 09:36:14,"Felicia Hall, BBA ????‍????????",908012267668692992,,-1,en,"<a href=""http://twitter.com/download/iphone"" rel=""nofollow"">Twitter for iPhone</a>",First shot done! #Pfizer #COVID19 #vaccine #Five2Eleven So proud of her ! https://t.co/aou48D2190,,,.0,1457159927131160576
2021-11-07 09:16:10,Dr. Heather Richardson,1005645628012048385,,-1,en,"<a href=""http://twitter.com/download/iphone"" rel=""nofollow"">Twitter for iPhone</a>","RT @Drnicolecb: SHOT #1 DONE!!!!??????
#Pfizer #CovidVaccine #COVID19 https://t.co/buTszC73vm",,,50.0,1457154878342631425
2021-11-07 09:13:50,IamFace,1420180213187629065,,-1,en,"<a href=""http://twitter.com/download/android"" rel=""nofollow"">Twitter for Android</a>","I got a booster shot today. Flu, too. I got #Moderna after two #Pfizer's  ??",,,.0,1457154291601485825
2021-11-07 08:35:56,Dollar Store Lex Luthor,1384308578085863426,,-1,en,"<a href=""http://twitter.com/#!/download/ipad"" rel=""nofollow"">Twitter for iPad</a>",My 6yo daughter got her first dose of the #Pfizer #vaccine today!!!,,,.0,1457144753586384899
2021-11-07 07:21:31,renge ,1308258873237676053,StanZeren,1375952175075979264,en,"<a href=""http://twitter.com/download/iphone"" rel=""nofollow"">Twitter for iPhone</a>",@StanZeren #pfizer strikes again,,,.0,1457126028585758720
2021-11-07 07:09:47,Lydia Jones,24754959,,-1,en,"<a href=""http://twitter.com/download/iphone"" rel=""nofollow"">Twitter for iPhone</a>",Official got my #Pfizer #boostershot. https://t.co/r4ZIjmnio8,,,.0,1457123075250655233
2021-11-07 07:00:08,Engineer,110216508,,-1,en,"<a href=""http://twitter.com/download/iphone"" rel=""nofollow"">Twitter for iPhone</a>",Boosted! #pfizer,,,.0,1457120645884493827
2021-11-07 06:42:47,marydejevsky,2458011600,marydejevsky,2458011600,en,"<a href=""http://twitter.com/download/android"" rel=""nofollow"">Twitter for Android</a>","Had #covid booster 3/11/21 #Pfizer - 4 days on, no allergy reax, zero.",,,.0,1457116279865856005
2021-11-07 05:52:11,David Grimes,34378347,,-1,en,"<a href=""http://twitter.com/download/iphone"" rel=""nofollow"">Twitter for iPhone</a>",Today I had my booster jab and my flu jab. #hero #VaccinePassport #vaccine #Pfizer #CovidVaccine #Immunity,,,.0,1457103545073864714
2021-11-07 05:36:44,ChazzaAV27??????????????????????,1299273321704558592,,-1,en,"<a href=""http://twitter.com/download/iphone"" rel=""nofollow"">Twitter for iPhone</a>",Anyone else had the pfizer vaccine recently and feel extremely hot and sick ? #Pfizer #vaccine,,,.0,1457099655657967623
2021-11-07 05:10:40,Nick Williams,37593604,,-1,en,"<a href=""https://mobile.twitter.com"" rel=""nofollow"">Twitter Web App</a>",Sponsored by #Pfizer https://t.co/EhObsRvz2i,,,.0,1457093095292608520
2021-11-07 05:10:02,Arnoldas Grigutis,1352399368993845249,,-1,en,"<a href=""http://twitter.com/download/android"" rel=""nofollow"">Twitter for Android</a>",3rd COVID-19 vaccine done! ?? #Pfizer,,,.0,1457092938215960576
2021-11-07 05:08:53,jack,340875095,,-1,en,"<a href=""https://mobile.twitter.com"" rel=""nofollow"">Twitter Web App</a>","RT @veroniquepoir12: Pfizer is a full blown criminal enterprise.

#Pfizergate #Pfizer #Pfizervaccine #Pfizerkids 
https://t.co/sLMFR37YYC h…",,,172.0,1457092648968327173
2021-11-07 05:08:35,Dr. Angela Riotto,792049853421457408,,-1,en,"<a href=""http://twitter.com/download/iphone"" rel=""nofollow"">Twitter for iPhone</a>",Yesterday I received #COVID19  #Pfizer booster (left arm) & the annual Flu vaccine (right arm). ????Thank you @cvspharmacy! I feel slightly terrible but much better than the second dose. #GetVaccinated,,,.0,1457092574498463753
2021-11-07 04:44:27,Melissa Calo-oy,37573765,,-1,en,"<a href=""http://twitter.com/#!/download/ipad"" rel=""nofollow"">Twitter for iPad</a>","RT @mburgosmd: First dose ✅ 

They were so excited! 
#vaccinated #Pfizer #COVIDVaccineKids https://t.co/H11psnWwaB",,,9.0,1457086500898844676
2021-11-07 04:42:12,Dion V Mifsud??,240202663,,-1,en,"<a href=""http://twitter.com/download/android"" rel=""nofollow"">Twitter for Android</a>","Booster jab done!

Who got any symptoms after?

#Pfizer #BoosterShots",,,.0,1457085932474142724
2021-11-07 04:41:38,(Happy) Frank N. Stanksgiving!,24912312,,-1,en,"<a href=""http://twitter.com/download/android"" rel=""nofollow"">Twitter for Android</a>",Who's got two thumbs and three doses of #Pfizer? This guy! #Booster,,,.0,1457085790081753097
2021-11-07 04:24:22,Diane B,802746678151356417,,-1,en,"<a href=""http://twitter.com/download/iphone"" rel=""nofollow"">Twitter for iPhone</a>",Got my booster shot today! I’m so happy and grateful! Yay vaccines!! #CovidVaccine #Pfizer #VaccinesWork #VaccinesSaveLives https://t.co/r7dcocPhnc,,,.0,1457081444572991489
2021-11-07 04:19:18,"Mónica I. Burgos, MD",96172093,,-1,en,"<a href=""http://twitter.com/download/iphone"" rel=""nofollow"">Twitter for iPhone</a>","First dose ✅ 

They were so excited! 
#vaccinated #Pfizer #COVIDVaccineKids https://t.co/H11psnWwaB",,,9.0,1457080168716161027
2021-11-07 03:53:09,MatthewK,1037129893635600384,,-1,en,"<a href=""http://twitter.com/download/android"" rel=""nofollow"">Twitter for Android</a>","Officially Boosted.
#vaccine #Pfizer 
#Booster https://t.co/ywlrZacVsM",,,.0,1457073590935896070
2021-11-07 03:51:43,Sarah Reisman,767054602113998848,,-1,en,"<a href=""http://twitter.com/download/iphone"" rel=""nofollow"">Twitter for iPhone</a>",Kids got their first dose! ?? #CovidVaccine #Pfizer https://t.co/62VS66urPb,,,.0,1457073227478429696
2021-11-12 03:00:15,Navneeta Srivastava,736522463165743104,,-1,en,"<a href=""http://twitter.com/download/iphone"" rel=""nofollow"">Twitter for iPhone</a>","Hi all, just wanted to ask about side effects from #COVID19 vaccine. My first dose was #Sinopharm and i had knots around my neck. Happened again after I recently got my #pfizer dose. Different vaccines, same side effects. anybody else experienced something similar?",,,.0,1458872214594506766
2021-11-13 15:12:54,Jat Reyes,183110032,,-1,en,"<a href=""http://instagram.com"" rel=""nofollow"">Instagram</a>","1st shot done ??????
Good job @tats.reyes, so brave! ??????

#covidvacccine #1stdosedone??✔️ #pfizerbiontech @ Quezon City, Philippines https://t.co/zf8dCnoHCt",14.6,121.0,.0,1459418979638779906
2021-11-13 03:55:57,Mercer's baby mama.,229304406,,-1,en,"<a href=""http://twitter.com/download/android"" rel=""nofollow"">Twitter for Android</a>","First dose for this cutie patootie 
#PfizerBioNTech #Science #TWDFamily https://t.co/Na5E1uiRpR",,,.0,1459248623011704840
2021-11-12 22:31:27,Hana Vys,729410584073129984,,-1,en,"<a href=""http://twitter.com/download/iphone"" rel=""nofollow"">Twitter for iPhone</a>",Just got the third dose! #comirnaty #PfizerBioNTech #vaccinated #ockovani https://t.co/LR0XRTfQmM,,,.0,1459166958658666503
2021-11-12 20:44:20,lǝɥɔɐᴚ ǝıllƎ ??☠️??☀️,757097455691280384,,-1,en,"<a href=""http://instagram.com"" rel=""nofollow"">Instagram</a>","11-10-21
#fullyvacinnated #pfizerbiontech @ SM Taytay https://t.co/80h0yBdHiJ",14.6,121.1,.0,1459140000814088201
2021-11-12 20:30:20,"RAY VINCENT E. ARAÑA, PhD",1642295336,,-1,en,"<a href=""http://instagram.com"" rel=""nofollow"">Instagram</a>",...treated our kiddos with a sumptuous dinner for their courageous behavior... my daughter Angela and her cousins got their 1st jab of vaccine today... #1stdosedone?? #pfizerbiontech https://t.co/OuldJ4M1w9,,,.0,1459136477233913858
2021-11-12 17:51:32,ronron,976260450718441472,,-1,en,"<a href=""http://twitter.com/download/iphone"" rel=""nofollow"">Twitter for iPhone</a>",got my 1st dose #PfizerBioNTech https://t.co/uKRNT4tQZ9,,,.0,1459096516853788676
2021-11-12 16:52:06,Moritz Ballensiefen,1059919261802606595,,-1,en,"<a href=""http://twitter.com/download/android"" rel=""nofollow"">Twitter for Android</a>","Has resistance to getting #vaccinated actually declined over the last months? #COVID19 #BioNTech #Pfizer #PfizerBioNTech
 https://t.co/ys3LjqYxsH",,,.0,1459081559798128644
2021-11-12 15:04:12,tereh,3283219849,,-1,en,"<a href=""http://twitter.com/download/android"" rel=""nofollow"">Twitter for Android</a>","Got my vaccine. ??
#2ndDose #PfizerBioNTech #FULLYvaccinated ?? https://t.co/Gi1QrrQvzu",,,.0,1459054403626074112
2021-11-12 14:37:17,Mylene Otaza Encarnado-Cabriga ??,803157312487596032,,-1,en,"<a href=""http://twitter.com/download/iphone"" rel=""nofollow"">Twitter for iPhone</a>","2nd dose done! Yeeey! I’m fully Vaccinated! ❤️
#PfizerBioNTech #CovidVaccine https://t.co/y2jIREcMn1",,,.0,1459047630164545536
2021-11-12 07:43:09,Carla ???? Roncato,2831331998,,-1,en,"<a href=""http://twitter.com/download/iphone"" rel=""nofollow"">Twitter for iPhone</a>",#PfizerBioNTech booster today. ??Thankful.,,,.0,1458943411080163355
2021-11-11 22:47:53,Bengü Cilali,1289069837998841857,,-1,en,"<a href=""http://twitter.com/download/iphone"" rel=""nofollow"">Twitter for iPhone</a>",Got my #BoosterShot of #PfizerBioNtech ?????? https://t.co/VTMJHFqayT,,,.0,1458808707656073219
2021-11-11 15:21:15,AdingM,1422689529731829761,,-1,en,"<a href=""http://twitter.com/download/iphone"" rel=""nofollow"">Twitter for iPhone</a>",1st dose done✔️ Good job mga ate?? #PfizerBioNTech https://t.co/qNalVy782d,,,.0,1458696305404891137
2021-11-11 05:09:01,Karen LeBlanc,431677456,,-1,en,"<a href=""http://instagram.com"" rel=""nofollow"">Instagram</a>",I’m “boosted”! Got #3 today… #pfizer #pfizerbiontech #ᴠᴀᴄᴄɪɴᴇssᴀᴠᴇʟɪᴠᴇs #vaccinationdone✔️ https://t.co/ASiiVAlN8y,,,.0,1458542231371988992
2021-11-10 20:40:50,Gerry Naughton,21387889,,-1,en,"<a href=""http://instagram.com"" rel=""nofollow"">Instagram</a>",#vaccine trial done. Where did the year go? I also now have a shot of #pfizerbiontech doing its thing. #royalfreehospital #portrait #pixel6pro @ Royal Free Hospital https://t.co/nSE1VZ5PoO,51.6,-.2,.0,1458414344962777091
2021-11-10 14:52:43,Moonstone,395302086,,-1,en,"<a href=""https://buffer.com"" rel=""nofollow"">Buffer</a>","Unvaccinated people are 20 times more likely to die from Covid complications than those who have received the Pfizer vaccine. https://t.co/ZSzbbJYPNI
#Covid19 #DeltaVariant #death #DiscoveryHealth #hospitaladmissions #JohnsonJohnson #PfizerBiontech #sideeffects #vaccine https://t.co/Bn0MiCdH6V",,,.0,1458326740330287107
2021-11-10 14:38:57,POLA ??,1166237825315962880,,-1,en,"<a href=""http://twitter.com/download/android"" rel=""nofollow"">Twitter for Android</a>","FULLY VACCINATED 
& you should too!
#PfizerBioNTech https://t.co/Ify5CnJo5I",,,.0,1458323275998658562
2021-11-10 01:05:21,Karl von Klausenburg,2251093956,,-1,en,"<a href=""http://mvilla.it/fenix"" rel=""nofollow"">Fenix 2</a>",https://t.co/ZrwBedieky #Pfizergate #PfizerBiontech Secret contracts?,,,.0,1458118525772570624
2021-11-09 22:12:01,JARI HERRANEN,1339558230360547330,,-1,en,"<a href=""https://mobile.twitter.com"" rel=""nofollow"">Twitter Web App</a>",Falsified #PfizerBioNTech #COVIDVaccine identified. #patientsafety #falsified  https://t.co/NuCiTqBOsu,,,.0,1458074905426251779
2021-11-08 03:36:44,Ekin Birol (She/Her),3780974483,,-1,en,"<a href=""http://twitter.com/download/iphone"" rel=""nofollow"">Twitter for iPhone</a>",Best. Day. Ever. (And the biggest sigh of relief…)   We hope and pray everyone everywhere can get the COVID-19 vaccine at the soonest. #IYKYK #PfizerBiontech #vaxxed #COVID19Vaccination https://t.co/dZtPEElUwK,,,.0,1457431844786475009
2021-11-08 00:28:30,Dec 31st ??✨????,1208046999544745993,,-1,en,"<a href=""http://twitter.com/download/iphone"" rel=""nofollow"">Twitter for iPhone</a>",Fully vaccinated ?? #PfizerBiontech #PfizerPapi https://t.co/z7s8oY08DR https://t.co/KGvHc6DKvF,,,.0,1457384476586266631
2021-11-07 23:59:11,A Ghost??,1238058174403489793,,-1,en,"<a href=""http://twitter.com/download/iphone"" rel=""nofollow"">Twitter for iPhone</a>",Say no to mandated vaccines. Tf. #PfizerExposed #PfizerBiontech #Pfizervaccine https://t.co/CaJPCHz7gh,,,.0,1457377098931261441
2021-11-07 04:54:52,"Kevin Namitz, PhD",1150240398738153472,,-1,en,"<a href=""http://twitter.com/download/iphone"" rel=""nofollow"">Twitter for iPhone</a>",Beyond thrilled that my sweetness has now gotten her first dose of #PfizerBiontech! She’s such a brave girl ?????? https://t.co/VEWPNAGQ8W,,,.0,1457089120879058944
2021-11-07 02:39:42,Dubium,1352262811934711809,dwnews,6134882,en,"<a href=""https://mobile.twitter.com"" rel=""nofollow"">Twitter Web App</a>","@dwnews I think the focus should be on the wrongdoings at @pfizer @moderna_tx etc. first and foremost. 

#PfizerBiontech 
#Pfizervaccine 
#Pfizergate",,,.0,1457055104918511616
